123,75f41576-c9ae-3be1-9e5a-f6091a7fa867
1h,4c25a7a7-f408-3a00-9e42-aeecbe8788fa
_____,fcf2472b-d854-36d7-a4cc-f68c38dd23bb
______,4760ed39-a2ae-3d54-a7fd-ce783714326c
aoioa,b5d9bc8d-509f-3a64-9057-d3147e467bad
atarss,2abb469c-e1bd-3a27-a624-81744d7af998
beibei,8af63683-7d0b-37d7-8e18-a63132e0f8b1
bot_mark,42210ca3-e23c-3045-bb86-e3bc967f5601
bryaxpheon,10884b07-5226-3d1b-8c1a-acf2246f6c91
caocao,c4f66c3a-a63b-330e-8d11-36a34d6b91eb
crinic,4f10b69f-f8b9-3658-a380-c111d2febc48
dong,e6f5b613-682b-3c54-be75-f3cb99a52cf9
entrance,81c3da52-d69a-3a42-b6d2-36fc4548ff36
epixzhang,7eee4142-37af-3eb7-b4b9-ed1eb9290900
erxu,c64c1ead-9294-3c6c-a6d4-104602c1045b
ethan1x,9c28d51d-4b5f-3df6-a9bf-a30e21573663
f,e0594322-b8df-367c-8955-1333d972a8fb
false,52875aa3-3a33-3824-b9c5-b94b05362df5
fenglinshui,b9bea761-b3da-3215-bcf8-8a909ead674a
foolishhuman_1,15d3855f-74ae-37cb-a216-28a88fa84649
fv215b183,441052c7-c59b-3afe-88d2-3eeead4593ba
hanyuwei70,288bb38f-b5bf-3222-bed3-b391be952ae9
htc,ce9a439f-7aaa-3d11-9a8e-7dfb69f67752
jetuz,6572b2f0-b565-3e7f-972d-753e59342da4
lzlniu,85e1ea3f-4f8b-346e-951d-f1f91cd85870
milktea_s,bd3d05b3-1e50-3764-9f71-79269577b060
nmalt,3898ea92-6579-35de-8770-e3b1c6ca3ddf
no,6afb014c-eac1-36f6-b247-e7ae08414e2e
noo,a2ae1edb-9621-3af8-8d61-1ea3af6f0ba7
nooo,55403fdc-5a9b-30b2-8784-e7293ff2aefe
noooo,003073c2-9ef3-3598-9474-54c04c7e21c7
nooooo,50ecd43e-2d5a-31ce-ad26-2a398eb5be8b
noooooo,cfdd0823-f991-35cd-8590-5f4b256bc686
oscar,e90b13f2-6900-3898-8ca4-3dae1a530f4f
oscar_tong_xue,88bfd4fb-5617-3ec0-9bb0-845e0aea7e1c
pr_wing,84841219-729e-3a90-a290-6726e22a1098
pray_wing,63b6d4cc-bb22-3597-97e4-86bbbb189fed
pringles,ef267f23-cc8f-3aca-879c-c3a7b5fcf677
recursiveg,0130a327-a994-3bce-9dcd-eea15fa77bfb
rus,b68d6d17-c2da-3a95-b5c6-219828747056
saito_shiromeshi,3a28dc2a-65c5-3bdd-8718-f081e66d7772
shine,59adcd70-f08a-3651-88ac-cb016c2ee322
songjian,83c77b75-2092-38bc-9a52-77e5823d8cbe
touchann,3ca06b4d-24d6-3e18-b00f-b5caafb47a8f
xifei,25a0842f-7345-388c-95de-e50c191a7f24
xvblack_z,1e2bcb41-52db-3fbe-ad92-7745a0e6ba06
y_suika,947d868f-44b1-30ce-9fce-61c942c3f0b6
yada,8b74b663-3e1f-35b0-8f55-3c2c407e96f6
yamaxita,5de495f5-4b5b-38ba-b50c-5175e0f8d9fe
yamxita,d1d4415d-0e87-313d-8935-3d5d4c18106c
yinzl,1e3dc24d-b0d7-3cc5-884d-62e52c80aaca
yukinetare,828110be-0284-3872-9ec0-0a1b8f09da00
